Workbook

Sheet PRESENTACIÓN

Sheet CASO DE ESTUDIO
A3: Se desea dimensionar un sistema de transmisión de potencia mecánica para un aerogenerador de 5 KW.
A4: El sistema cuenta con una caja diferencial de engranes planetarios, acoplado entre los ejes de transmisión que se desea dimensionar, teniendo en cuenta que cada eje se encuentra apoyado sobre 02 rodamientos.
A5: Se tiene como datos :
A6: Potencia de transmisión: | D6: 5000 | E6: W
A7: Velocidad máxima de rotación (entrada): | D7: 110 | E7: RPM
A8: Velocidad mínima de rotación (salida): | D8: =110*5 -> 550 | E8: RPM
A9: Temperatura máxima de trabajo: | D9: 26 | E9: °C
A11: Datos de los álabes
A12: Coeficiente de arrastre: | D12: 0.00976
A13: Área frontal: | D13: 14.5 | E13: m^2
A14: Velocidad promedio del viento: | D14: 12.5 | E14: m/s
A15: Densidad del aire: | D15: 1.225 | E15: m^3/kg
A16: Masa de un álabe: | D16: =11.011 -> 11.011 | E16: kg
A19: * En las celdas de color | D19: se ingresan datos.

Sheet ÍNDICE

Sheet Sist. Alabes
B3: Fuerza de arrastre sobre un álabe
B5: CD | C5: ='CASO DE ESTUDIO'!D12 -> 0.00976
B6: A | C6: ='CASO DE ESTUDIO'!D13 -> 14.5 | D6: m^2
B7: V | C7: ='CASO DE ESTUDIO'!D14 -> 12.5 | D7: m/s
B8: densidad | C8: ='CASO DE ESTUDIO'!D15 -> 1.225 | D8: m^3/kg
B10: FD | C10: =C6*C5*C8*C7^2/2 -> 13.543906 | D10: N
B13: Cargas en el primer eje de transmisión
B14: Wpala | C14: ='CASO DE ESTUDIO'!D16*9.81 -> 108.01791 | D14: N
B15: carga axial | C15: =3*C10 -> 40.631719 | D15: N
B16: Tentrada | C16: ='CASO DE ESTUDIO'!D6/'CASO DE ESTUDIO'!D7 -> 45.454545 | D16: N.m

Sheet Sist. Planetario
B3: ANÁLISIS CINEMÁTICO | G3: DIMENSIONAMIENTO
C5: conductor | D5: conducido | E5: cremallera | H5: Conductor | I5: Conducido | J5: Cremallera
B6: Z | C6: 28 | D6: 18 | E6: =E8/E7 -> 74 | G6: P | H6: =1/C7 -> 0.25 | I6: =H6 -> 0.25 | J6: =H6 -> 0.25 | K6: =IF(MID(F7,1,2)="mm","dientes/mm","dientes/in") -> dientes/mm
B7: m | C7: 4 | D7: =C7 -> 4 | E7: =D7 -> 4 | F7: mm | G7: p | H7: =PI()*C7 -> 12.566371 | I7: =PI()*D7 -> 12.566371 | J7: =PI()*D7 -> 12.566371 | K7: =F7 -> mm
B8: dpaso | C8: =C6*C7 -> 112 | D8: =D6*D7 -> 72 | E8: =D8+2*C8 -> 296 | F8: =F7 -> mm | G8: f | H8: 20 | I8: =H8 -> 20 | J8: =I8 -> 20 | K8: °
G9: dbase | H9: ='Sist. Planetario'!C8*COS('Sist. Planetario'!H8*PI()/180) -> 105.24557 | I9: ='Sist. Planetario'!D8*COS('Sist. Planetario'!I8*PI()/180) -> 67.657869 | J9: ='Sist. Planetario'!E8*COS('Sist. Planetario'!J8*PI()/180) -> 278.14902 | K9: =F7 -> mm
G10: a | H10: =1/H6 -> 4 | I10: =1/I6 -> 4 | J10: =1/J6 -> 4 | K10: =F8 -> mm
B11: VB(mm/s) | C11: =2*PI()*'CASO DE ESTUDIO'!D7*(C8+D8)/(2*60) -> 1059.7639 | G11: b | H11: =1.25/H6 -> 5 | I11: =1.25/I6 -> 5 | J11: =1.25/J6 -> 5 | K11: =F7 -> mm
B12: wconductor(rad/s) | C12: =C11/(C8/2) -> 18.924356 | D12: =C12*60/(2*PI()) -> 180.71429 | G12: t | H12: =H7/2 -> 6.2831853 | I12: =I7/2 -> 6.2831853 | J12: =J7/2 -> 6.2831853 | K12: =F8 -> mm
B13: VC(mm/s) | C13: =C12*C8 -> 2119.5278 | G13: c | H13: =H11-H10 -> 1 | I13: =I11-I10 -> 1 | J13: =J11-J10 -> 1 | K13: =F7 -> mm
B14: wconducido(rad/s) | C14: =C13/(D8/2) -> 58.875773 | D14: =C14*60/(2*PI()) -> 562.22222 | G14: Ancho de cara | H14: =C7*10 -> 40 | I14: =D7*10 -> 40 | J14: =E7*10 -> 40 | K14: =F8 -> mm
B17: Wt(N) | C17: =60000*'CASO DE ESTUDIO'!D6/(PI()*C8*'Sist. Planetario'!D12) -> 4718.0319
B18: Wn(N) | C18: =C17*TAN(20*PI()/180) -> 1717.2232
B19: T(N.m) | C19: =C17*D8/2000 -> 169.84915

Sheet Eje de palas
B2: Sistema de unidades: | D2: SI
B3: Longitud del eje | D3: 680 | E3: mm
B4: Tratamiento térmico | D4: 2
B6: Muescas presentes en el eje
B7: Canal chavetero | E7: 1
B8: Canal chavetero con salida en perfil | E8: 1
B9: Chaflán agudo | E9: 1
B10: Chaflán bien redondeado | E10: 0
B11: Para anillos de seguridad | E11: 0
C17: VON MISES | D17: TRESCA | H17: S'e
B18: ns | C18: 1.5 | H18: Sut | I18: 470 | J18: =IF(MID($D$2,1,2)="SI","MPa","kspi") -> MPa
B19: Sy | C19: 390 | E19: =IF(MID($D$2,1,2)="SI","MPa","kpsi") -> MPa | H19: S'e | I19: =0.29*I18 -> 136.3
B20: M | C20: 7.5068443 | E20: =IF(MID($D$2,1,2)="SI","N.m","lb.in") -> N.m | H20: Ka | I20: =IF(MID(D2,1,2)="SI",IF('Eje de palas'!D4=1,'Tablas para diseño de ejes'!G5,IF('Eje de palas'!D4=2,'Tablas para diseño de ejes'!G6,IF('Eje de palas'!D4=3,'Tablas para diseño de ejes'!G7,IF('Eje de palas'!D4=4,'Tablas para diseño de ejes'!G8,"imposible 0o0"))))*(I18)^IF(D4=1,'Tablas para diseño de ejes'!H5,IF('Eje de palas'!D4=2,'Tablas para diseño de ejes'!H6,IF('Eje de palas'!D4=3,'Tablas para diseño de ejes'!H7,IF('Eje de palas'!D4=4,'Tablas para diseño de ejes'!H8,"imposible 0o0")))),IF('Eje de palas'!D4=1,'Tablas para diseño de ejes'!F5,IF('Eje de palas'!D4=2,'Tablas para diseño de ejes'!F6,IF('Eje de palas'!D4=3,'Tablas para diseño de ejes'!F7,IF('Eje de palas'!D4=4,'Tablas para diseño de ejes'!F8,"imposible 0o0"))))*(I18)^IF(D4=1,'Tablas para diseño de ejes'!H5,IF('Eje de palas'!D4=2,'Tablas para diseño de ejes'!H6,IF('Eje de palas'!D4=3,'Tablas para diseño de ejes'!H7,IF('Eje de palas'!D4=4,'Tablas para diseño de ejes'!H8,"imposible 0o0"))))) -> 0.88322349
B21: T | C21: 2.1468 | E21: =IF(MID($D$2,1,2)="SI","N.m","lb.in") -> N.m | H21: Kb | I21: =IF(MID(D2,1,2)="SI",IF(AND(D23>=2.79,D23<=51),1.24*D23^-0.107,IF(AND(D23>51,D23<=254),1.51*D23^-0.157,"error")),IF(AND(D23>=0.11,D23<=2),0.879*D23^-0.107,IF(AND(D23>2,D23<=10),0.91*D23^-0.157,"-"))) -> 1.0110444 | J21: 1
B22: destático | C22: =(((32*C18)/(PI()*C19*1000000)*(C20^2+3/4*C21^2)^(1/2)))^(1/3) -> 0.006716407 | D22: =(((32*C18)/(PI()*C19*1000000)*(C20^2+C21^2)^(1/2)))^(1/3) -> 0.0067378005 | E22: =IF(MID($D$2,1,2)="SI","m","in") -> m | H22: Kc | I22: 0.59
C23: =IF(MID($D$2,1,2)="SI",C22*1000,"-") -> 6.716407 | D23: =IF(MID($D$2,1,2)="SI",D22*1000,"-") -> 6.7378005 | E23: =IF(MID($D$2,1,2)="SI","mm","-") -> mm | H23: Kd | I23: =IF(MID('CASO DE ESTUDIO'!E9,1,2)="°C",IF(AND('CASO DE ESTUDIO'!D9>=20,'CASO DE ESTUDIO'!D9<=50),(('CASO DE ESTUDIO'!D9-'Tablas para diseño de ejes'!C31)/('Tablas para diseño de ejes'!C30-'Tablas para diseño de ejes'!C31))*('Tablas para diseño de ejes'!D30-'Tablas para diseño de ejes'!D31)+'Tablas para diseño de ejes'!D31,IF(AND('CASO DE ESTUDIO'!D9>50,'CASO DE ESTUDIO'!D9<=100),(('CASO DE ESTUDIO'!D9-'Tablas para diseño de ejes'!C32)/('Tablas para diseño de ejes'!C31-'Tablas para diseño de ejes'!C32))*('Tablas para diseño de ejes'!D31-'Tablas para diseño de ejes'!D32)+'Tablas para diseño de ejes'!D32,IF(AND('CASO DE ESTUDIO'!D9>100,'CASO DE ESTUDIO'!D9<=150),(('CASO DE ESTUDIO'!D9-'Tablas para diseño de ejes'!C33)/('Tablas para diseño de ejes'!C32-'Tablas para diseño de ejes'!C33))*('Tablas para diseño de ejes'!D32-'Tablas para diseño de ejes'!D33)+'Tablas para diseño de ejes'!D33,IF(AND('CASO DE ESTUDIO'!D9>150,'CASO DE ESTUDIO'!D9<=200),(('CASO DE ESTUDIO'!D9-'Tablas para diseño de ejes'!C34)/('Tablas para diseño de ejes'!C33-'Tablas para diseño de ejes'!C34))*('Tablas para diseño de ejes'!D33-'Tablas para diseño de ejes'!D34)+'Tablas para diseño de ejes'!D34,IF(AND('CASO DE ESTUDIO'!D9>200,'CASO DE ESTUDIO'!D9<=250),(('CASO DE ESTUDIO'!D9-'Tablas para diseño de ejes'!C35)/('Tablas para diseño de ejes'!C34-'Tablas para diseño de ejes'!C35)*('Tablas para diseño de ejes'!D34-'Tablas para diseño de ejes'!D35)+'Tablas para diseño de ejes'!D35,IF(AND('CASO DE ESTUDIO'!D9>250,'CASO DE ESTUDIO'!D9<=300),(('CASO DE ESTUDIO'!D9-'Tablas para diseño de ejes'!C36)/('Tablas para diseño de ejes'!C35-'Tablas para diseño de ejes'!C36))*('Tablas para diseño de ejes'!D35-'Tablas para diseño de ejes'!D36)+'Tablas para diseño de ejes'!D36,IF(AND('CASO DE ESTUDIO'!D9>300,'CASO DE ESTUDIO'!D9<=350),(('CASO DE ESTUDIO'!D9-'Tablas para diseño de ejes'!C37)/('Tablas para diseño de ejes'!C36-'Tablas para diseño de ejes'!C37))*('Tablas para diseño de ejes'!D36-'Tablas para diseño de ejes'!D37)+'Tablas para diseño de ejes'!D37,IF(AND('CASO DE ESTUDIO'!D9>350,'CASO DE ESTUDIO'!D9<=400),(('CASO DE ESTUDIO'!D9-'Tablas para diseño de ejes'!C38)/('Tablas para diseño de ejes'!C37-'Tablas para diseño de ejes'!C38))*('Tablas para diseño de ejes'!D37-'Tablas para diseño de ejes'!D38)+'Tablas para diseño de ejes'!D38,IF(AND('CASO DE ESTUDIO'!D9>400,'CASO DE ESTUDIO'!D9<=450),(('CASO DE ESTUDIO'!D9-'Tablas para diseño de ejes'!C39)/('Tablas para diseño de ejes'!C38-'Tablas para diseño de ejes'!C39)/('Tablas para diseño de ejes'!D38-'Tablas para diseño de ejes'!D39))*('Tablas para diseño de ejes'!D38-'Tablas para diseño de ejes'!D39)+'Tablas para diseño de ejes'!D39,IF(AND('CASO DE ESTUDIO'!D9>450,'CASO DE ESTUDIO'!D9<=500),(('CASO DE ESTUDIO'!D9-'Tablas para diseño de ejes'!C40)/('Tablas para diseño de ejes'!C39-'Tablas para diseño de ejes'!C40))*('Tablas para diseño de ejes'!D39-'Tablas para diseño de ejes'!D40)+'Tablas para diseño de ejes'!D40,IF(AND('CASO DE ESTUDIO'!D9>500,'CASO DE ESTUDIO'!D9<=550),(('CASO DE ESTUDIO'!D9-'Tablas para diseño de ejes'!C41)/('Tablas para diseño de ejes'!C40-'Tablas para diseño de ejes'!C41))*('Tablas para diseño de ejes'!D40-'Tablas para diseño de ejes'!D41)+'Tablas para diseño de ejes'!D41,IF(AND('CASO DE ESTUDIO'!D9>550,'CASO DE ESTUDIO'!D9<=600),(('CASO DE ESTUDIO'!D9-'Tablas para diseño de ejes'!C42)/('Tablas para diseño de ejes'!C41-'Tablas para diseño de ejes'!C42))*('Tablas para diseño de ejes'!D41-'Tablas para diseño de ejes'!D42)+'Tablas para diseño de ejes'!D42,"error"))))))))))))),"error") -> 1.002
H24: Ke | I24: =IF('Eje de palas'!J24=50,'Tablas para diseño de ejes'!D47,IF('Eje de palas'!J24=90,'Tablas para diseño de ejes'!D48,IF(J24=95,'Tablas para diseño de ejes'!D49,IF(J24=99,'Tablas para diseño de ejes'!D50,IF(J24=99.9,'Tablas para diseño de ejes'!D51,IF(J24=99.99,'Tablas para diseño de ejes'!D52,IF(J24=99.999,'Tablas para diseño de ejes'!D53,IF(J24=99.999,'Tablas para diseño de ejes'!D54,"elegir uno de los valores del comentario")))))))) -> 0.814 | J24: 99
C25: 7506.8443 | H25: Kf | I25: =IF(MAX(IF(E7=1,'Tablas para diseño de ejes'!N4,0.01),IF('Eje de palas'!E8=1,'Tablas para diseño de ejes'!N5,0.01),IF('Eje de palas'!E9=1,'Tablas para diseño de ejes'!N6,0.01),IF('Eje de palas'!E10=1,'Tablas para diseño de ejes'!N7,0.01),IF('Eje de palas'!E11=1,'Tablas para diseño de ejes'!N8,0.01))=0.01,1,MAX(IF(E7=1,'Tablas para diseño de ejes'!N4,0.01),IF('Eje de palas'!E8=1,'Tablas para diseño de ejes'!N5,0.01),IF('Eje de palas'!E9=1,'Tablas para diseño de ejes'!N6,0.01),IF('Eje de palas'!E10=1,'Tablas para diseño de ejes'!N7,0.01),IF('Eje de palas'!E11=1,'Tablas para diseño de ejes'!N8,0.01))) -> 2.5
H26: Kfs | I26: =I25 -> 2.5
H27: Se | I27: =I20*I21*I22*I23*I24*I19*I25*I26 -> 366.06724 | J27: =J18 -> MPa
B31: Goodman: | H31: Gerberg:
B32: ns | C32: =C18 -> 1.5 | H32: ns | I32: =C18 -> 1.5
B33: Se | C33: =I27 -> 366.06724 | D33: =J27 -> MPa | H33: Se | I33: =I27 -> 366.06724
B34: Sut | C34: =I18 -> 470 | D34: =J18 -> MPa | H34: Sut | I34: =I18 -> 470
B35: Kf | C35: =I25 -> 2.5 | H35: Kf | I35: =C35 -> 2.5
B36: Kfs | C36: =I26 -> 2.5 | H36: Kfs | I36: =C36 -> 2.5
B37: Ma | C37: =C20 -> 7.5068443 | D37: =D38 -> N.m | H37: Ma | I37: =C37 -> 7.5068443
B38: Mm | C38: =C37/2 -> 3.7534222 | D38: =E20 -> N.m | H38: Mm | I38: =C38 -> 3.7534222
B39: Ta | C39: =(C21-0)/2 -> 1.0734 | D39: =E21 -> N.m | H39: Ta | I39: =C39 -> 1.0734
B40: Tm | C40: =C39 -> 1.0734 | D40: =D39 -> N.m | H40: Tm | I40: =C40 -> 1.0734
B41: d | C41: =(((16*C32)/PI())*((1/(C33*1000000))*(4*(C35*C37)^2+3*(C36*C39)^2)^(1/2)+(1/(C34*1000000))*(4*(C35*C38)^2+3*(C36*C40)^2)^(1/2)))^(1/3) -> 0.010333868 | D41: =IF(MID($D$2,1,2)="SI","m","in") -> m | H41: A | I41: =(4*(I35*I37)^2+3*(I36*I39)^2)^(1/2) -> 37.820911
C42: =C41*1000 -> 10.333868 | D42: =IF(MID($D$2,1,2)="SI","mm","-") -> mm | H42: B | I42: =(4*(I35*I38)^2+3*(I36*I40)^2)^(1/2) -> 19.334114
C43: =IF(C42+0.5>INT(C42),INT(C42)+1,INT(C42)-1) -> 11 | D43: =IF(MID($D$2,1,2)="SI","mm","-") -> mm | H43: d | I43: =(((8*I32*I41)/(PI()*I33*1000000))*(1+(1+((2*I42*I33)/(I41*I34))^2)^(1/2)))^(1/3) -> 0.009651752 | J43: =D41 -> m
I44: =I43*1000 -> 9.651752 | J44: =D42 -> mm

Sheet Rodamientos(palas)
B3: Velocidad | C3: ='CASO DE ESTUDIO'!D7 -> 110 | D3: RPM
B4: Duración | C4: 30000 | D4: h
B6: Pd | C6: =SQRT('Sist. Alabes'!C15^2+'Sist. Alabes'!C14^2) -> 115.40713 | D6: N
B7: fN | C7: 0.69
B8: fL | C8: 3.9
B9: C | C9: =C6*C8/C7 -> 652.30116 | D9: N

Sheet Chavetas(palas)
B19: traccion | C19: 600 | D19: MPa
B20: sy | C20: 330 | D20: MPa
B21: d | C21: 17 | D21: mm
B22: b | C22: 6 | D22: mm
B23: h | C23: =IF(C21*0.03937>6.5,4,6) -> 6 | D23: mm
B24: N | C24: 3
B26: esfuerzod | C26: =C20/C24 -> 110 | D26: MPa
B27: L | C27: =IF(C21*0.03937>6.5,4*'Eje de palas'!C21/('Chavetas(palas)'!C26*'Chavetas(palas)'!C21*C23),4*1000*'Eje de palas'!C21*C24/('Chavetas(palas)'!C21*'Chavetas(palas)'!C22*'Chavetas(palas)'!C20)) -> 0.76534759 | D27: mm
B28: Lseleccion | C28: 18 | D28: mm

Sheet Eje de generador
B2: Sistema de unidades: | D2: SI
B3: Longitud del eje | D3: 300 | E3: mm
B4: Tratamiento térmico | D4: 2
B6: Muescas presentes en el eje
B7: Canal chavetero | E7: 1
B8: Canal chavetero con salida en perfil | E8: 0
B9: Chaflán agudo | E9: 1
B10: Chaflán bien redondeado | E10: 1
B11: Para anillos de seguridad | E11: 0
B14: Masa del acople | D14: 3.1 | E14: =IF(MID($D$2,1,2)="SI","kg","lb") -> kg
B15: Peso del acople | D15: =IF(MID($D$2,1,2)="SI",D14*9.81,D14*9.81*0.224809) -> 30.411 | E15: =IF(MID($D$2,1,2)="SI","N","lbf") -> N
C20: VON MISES | D20: TRESCA | H20: S'e
B21: ns | C21: 2.5 | H21: Sut | I21: 814 | J21: =IF(MID($D$2,1,2)="SI","MPa","kspi") -> MPa
B22: Sy | C22: 703 | E22: =IF(MID($D$2,1,2)="SI","MPa","kpsi") -> MPa | H22: S'e | I22: =0.29*I21 -> 236.06
B23: M | C23: =D15*0.079 -> 2.402469 | E23: =IF(MID($D$2,1,2)="SI","N.m","lb.in") -> N.m | H23: Ka | I23: =IF(MID(D2,1,2)="SI",IF('Eje de generador'!D4=1,'Tablas para diseño de ejes'!G5,IF('Eje de generador'!D4=2,'Tablas para diseño de ejes'!G6,IF('Eje de generador'!D4=3,'Tablas para diseño de ejes'!G7,IF('Eje de generador'!D4=4,'Tablas para diseño de ejes'!G8,"imposible 0o0"))))*(I21)^IF(D4=1,'Tablas para diseño de ejes'!H5,IF('Eje de generador'!D4=2,'Tablas para diseño de ejes'!H6,IF('Eje de generador'!D4=3,'Tablas para diseño de ejes'!H7,IF('Eje de generador'!D4=4,'Tablas para diseño de ejes'!H8,"imposible 0o0")))),IF('Eje de generador'!D4=1,'Tablas para diseño de ejes'!F5,IF('Eje de generador'!D4=2,'Tablas para diseño de ejes'!F6,IF('Eje de generador'!D4=3,'Tablas para diseño de ejes'!F7,IF('Eje de generador'!D4=4,'Tablas para diseño de ejes'!F8,"imposible 0o0"))))*(I21)^IF(D4=1,'Tablas para diseño de ejes'!H5,IF('Eje de generador'!D4=2,'Tablas para diseño de ejes'!H6,IF('Eje de generador'!D4=3,'Tablas para diseño de ejes'!H7,IF('Eje de generador'!D4=4,'Tablas para diseño de ejes'!H8,"imposible 0o0"))))) -> 0.76359148
B24: T | C24: ='Sist. Planetario'!C19 -> 169.84915 | E24: =IF(MID($D$2,1,2)="SI","N.m","lb.in") -> N.m | H24: Kb | I24: =IF(MID(D2,1,2)="SI",IF(AND(D26>=2.79,D26<=51),1.24*D26^-0.107,IF(AND(D26>51,D26<=254),1.51*D26^-0.157,"error")),IF(AND(D26>=0.11,D26<=2),0.879*D26^-0.107,IF(AND(D26>2,D26<=10),0.91*D26^-0.157,"-"))) -> 0.90840061 | J24: 1
B25: destático | C25: =(((32*C21)/(PI()*C22*1000000)*(C23^2+3/4*C24^2)^(1/2)))^(1/3) -> 0.017466755 | D25: =(((32*C21)/(PI()*C22*1000000)*(C23^2+C24^2)^(1/2)))^(1/3) -> 0.018324433 | E25: =IF(MID($D$2,1,2)="SI","m","in") -> m | H25: Kc | I25: 0.59
C26: =IF(MID($D$2,1,2)="SI",C25*1000,"-") -> 17.466755 | D26: =IF(MID($D$2,1,2)="SI",D25*1000,"-") -> 18.324433 | E26: =IF(MID($D$2,1,2)="SI","mm","-") -> mm | H26: Kd | I26: =IF(MID('CASO DE ESTUDIO'!E9,1,2)="°C",IF(AND('CASO DE ESTUDIO'!D9>=20,'CASO DE ESTUDIO'!D9<=50),(('CASO DE ESTUDIO'!D9-'Tablas para diseño de ejes'!C31)/('Tablas para diseño de ejes'!C30-'Tablas para diseño de ejes'!C31))*('Tablas para diseño de ejes'!D30-'Tablas para diseño de ejes'!D31)+'Tablas para diseño de ejes'!D31,IF(AND('CASO DE ESTUDIO'!D9>50,'CASO DE ESTUDIO'!D9<=100),(('CASO DE ESTUDIO'!D9-'Tablas para diseño de ejes'!C32)/('Tablas para diseño de ejes'!C31-'Tablas para diseño de ejes'!C32))*('Tablas para diseño de ejes'!D31-'Tablas para diseño de ejes'!D32)+'Tablas para diseño de ejes'!D32,IF(AND('CASO DE ESTUDIO'!D9>100,'CASO DE ESTUDIO'!D9<=150),(('CASO DE ESTUDIO'!D9-'Tablas para diseño de ejes'!C33)/('Tablas para diseño de ejes'!C32-'Tablas para diseño de ejes'!C33))*('Tablas para diseño de ejes'!D32-'Tablas para diseño de ejes'!D33)+'Tablas para diseño de ejes'!D33,IF(AND('CASO DE ESTUDIO'!D9>150,'CASO DE ESTUDIO'!D9<=200),(('CASO DE ESTUDIO'!D9-'Tablas para diseño de ejes'!C34)/('Tablas para diseño de ejes'!C33-'Tablas para diseño de ejes'!C34))*('Tablas para diseño de ejes'!D33-'Tablas para diseño de ejes'!D34)+'Tablas para diseño de ejes'!D34,IF(AND('CASO DE ESTUDIO'!D9>200,'CASO DE ESTUDIO'!D9<=250),(('CASO DE ESTUDIO'!D9-'Tablas para diseño de ejes'!C35)/('Tablas para diseño de ejes'!C34-'Tablas para diseño de ejes'!C35)*('Tablas para diseño de ejes'!D34-'Tablas para diseño de ejes'!D35)+'Tablas para diseño de ejes'!D35,IF(AND('CASO DE ESTUDIO'!D9>250,'CASO DE ESTUDIO'!D9<=300),(('CASO DE ESTUDIO'!D9-'Tablas para diseño de ejes'!C36)/('Tablas para diseño de ejes'!C35-'Tablas para diseño de ejes'!C36))*('Tablas para diseño de ejes'!D35-'Tablas para diseño de ejes'!D36)+'Tablas para diseño de ejes'!D36,IF(AND('CASO DE ESTUDIO'!D9>300,'CASO DE ESTUDIO'!D9<=350),(('CASO DE ESTUDIO'!D9-'Tablas para diseño de ejes'!C37)/('Tablas para diseño de ejes'!C36-'Tablas para diseño de ejes'!C37))*('Tablas para diseño de ejes'!D36-'Tablas para diseño de ejes'!D37)+'Tablas para diseño de ejes'!D37,IF(AND('CASO DE ESTUDIO'!D9>350,'CASO DE ESTUDIO'!D9<=400),(('CASO DE ESTUDIO'!D9-'Tablas para diseño de ejes'!C38)/('Tablas para diseño de ejes'!C37-'Tablas para diseño de ejes'!C38))*('Tablas para diseño de ejes'!D37-'Tablas para diseño de ejes'!D38)+'Tablas para diseño de ejes'!D38,IF(AND('CASO DE ESTUDIO'!D9>400,'CASO DE ESTUDIO'!D9<=450),(('CASO DE ESTUDIO'!D9-'Tablas para diseño de ejes'!C39)/('Tablas para diseño de ejes'!C38-'Tablas para diseño de ejes'!C39)/('Tablas para diseño de ejes'!D38-'Tablas para diseño de ejes'!D39))*('Tablas para diseño de ejes'!D38-'Tablas para diseño de ejes'!D39)+'Tablas para diseño de ejes'!D39,IF(AND('CASO DE ESTUDIO'!D9>450,'CASO DE ESTUDIO'!D9<=500),(('CASO DE ESTUDIO'!D9-'Tablas para diseño de ejes'!C40)/('Tablas para diseño de ejes'!C39-'Tablas para diseño de ejes'!C40))*('Tablas para diseño de ejes'!D39-'Tablas para diseño de ejes'!D40)+'Tablas para diseño de ejes'!D40,IF(AND('CASO DE ESTUDIO'!D9>500,'CASO DE ESTUDIO'!D9<=550),(('CASO DE ESTUDIO'!D9-'Tablas para diseño de ejes'!C41)/('Tablas para diseño de ejes'!C40-'Tablas para diseño de ejes'!C41))*('Tablas para diseño de ejes'!D40-'Tablas para diseño de ejes'!D41)+'Tablas para diseño de ejes'!D41,IF(AND('CASO DE ESTUDIO'!D9>550,'CASO DE ESTUDIO'!D9<=600),(('CASO DE ESTUDIO'!D9-'Tablas para diseño de ejes'!C42)/('Tablas para diseño de ejes'!C41-'Tablas para diseño de ejes'!C42))*('Tablas para diseño de ejes'!D41-'Tablas para diseño de ejes'!D42)+'Tablas para diseño de ejes'!D42,"error"))))))))))))),"error") -> 1.002
H27: Ke | I27: =IF('Eje de generador'!J27=50,'Tablas para diseño de ejes'!D47,IF('Eje de generador'!J27=90,'Tablas para diseño de ejes'!D48,IF(J27=95,'Tablas para diseño de ejes'!D49,IF(J27=99,'Tablas para diseño de ejes'!D50,IF(J27=99.9,'Tablas para diseño de ejes'!D51,IF(J27=99.99,'Tablas para diseño de ejes'!D52,IF(J27=99.999,'Tablas para diseño de ejes'!D53,IF(J27=99.999,'Tablas para diseño de ejes'!D54,"elegir uno de los valores del comentario")))))))) -> 0.814 | J27: 99
H28: Kf | I28: =IF(MAX(IF(E7=1,'Tablas para diseño de ejes'!N4,0.01),IF('Eje de generador'!E8=1,'Tablas para diseño de ejes'!N5,0.01),IF('Eje de generador'!E9=1,'Tablas para diseño de ejes'!N6,0.01),IF('Eje de generador'!E10=1,'Tablas para diseño de ejes'!N7,0.01),IF('Eje de generador'!E11=1,'Tablas para diseño de ejes'!N8,0.01))=0.01,1,MAX(IF(E7=1,'Tablas para diseño de ejes'!N4,0.01),IF('Eje de generador'!E8=1,'Tablas para diseño de ejes'!N5,0.01),IF('Eje de generador'!E9=1,'Tablas para diseño de ejes'!N6,0.01),IF('Eje de generador'!E10=1,'Tablas para diseño de ejes'!N7,0.01),IF('Eje de generador'!E11=1,'Tablas para diseño de ejes'!N8,0.01))) -> 2.5
H29: Kfs | I29: =I28 -> 2.5
H30: Se | I30: =I23*I24*I25*I26*I27*I22*I28*I29 -> 492.47598 | J30: =J21 -> MPa
B34: Goodman: | H34: Gerberg:
B35: ns | C35: =C21 -> 2.5 | H35: ns | I35: =C21 -> 2.5
B36: Se | C36: =I30 -> 492.47598 | D36: =J30 -> MPa | H36: Se | I36: =I30 -> 492.47598
B37: Sut | C37: =I21 -> 814 | D37: =J21 -> MPa | H37: Sut | I37: =I21 -> 814
B38: Kf | C38: =I28 -> 2.5 | H38: Kf | I38: =C38 -> 2.5
B39: Kfs | C39: =I29 -> 2.5 | H39: Kfs | I39: =C39 -> 2.5
B40: Ma | C40: =C23 -> 2.402469 | D40: =D41 -> N.m | H40: Ma | I40: =C40 -> 2.402469
B41: Mm | C41: =C40/2 -> 1.2012345 | D41: =E23 -> N.m | H41: Mm | I41: =C41 -> 1.2012345
B42: Ta | C42: =(C24-0)/2 -> 84.924574 | D42: =E24 -> N.m | H42: Ta | I42: =C42 -> 84.924574
B43: Tm | C43: =C42 -> 84.924574 | D43: =D42 -> N.m | H43: Tm | I43: =C43 -> 84.924574
B44: d | C44: =(((16*C35)/PI())*((1/(C36*1000000))*(4*(C38*C40)^2+3*(C39*C42)^2)^(1/2)+(1/(C37*1000000))*(4*(C38*C41)^2+3*(C39*C43)^2)^(1/2)))^(1/3) -> 0.02480661 | D44: =IF(MID($D$2,1,2)="SI","m","in") -> m | H44: A | I44: =(4*(I38*I40)^2+3*(I39*I42)^2)^(1/2) -> 367.93034
C45: =C44*1000 -> 24.80661 | D45: =IF(MID($D$2,1,2)="SI","mm","-") -> mm | H45: B | I45: =(4*(I38*I41)^2+3*(I39*I43)^2)^(1/2) -> 367.78324
C46: =IF(C45+0.5>INT(C45),INT(C45)+1,INT(C45)-1) -> 25 | D46: =IF(MID($D$2,1,2)="SI","mm","-") -> mm | H46: d | I46: =(((8*I35*I44)/(PI()*I36*1000000))*(1+(1+((2*I45*I36)/(I44*I37))^2)^(1/2)))^(1/3) -> 0.023033674 | J46: =D44 -> m
I47: =I46*1000 -> 23.033674 | J47: =D45 -> mm

Sheet Rodamientos(generador)
B3: Velocidad | C3: ='Sist. Planetario'!D14 -> 562.22222 | D3: RPM
B4: Duración | C4: 30000 | D4: h
B6: Pd | C6: ='Eje de generador'!D15 -> 30.411 | D6: N
B7: fN | C7: 0.42857143
B8: fL | C8: 3.9
B9: C | C9: =C6*C8/C7 -> 276.7401 | D9: N

Sheet Chavetas(generador)
B19: traccion | C19: 600 | D19: MPa
B20: sy | C20: 330 | D20: MPa
B21: d | C21: ='Eje de generador'!C46 -> 25 | D21: mm
B22: b | C22: 8 | D22: mm
B23: h | C23: =IF(C21*0.03937>6.5,5,7) -> 7 | D23: mm
B24: N | C24: 3
B26: esfuerzod | C26: =C20/C24 -> 110 | D26: MPa
B27: L | C27: =IF(C21*0.03937>6.5,4*'Eje de generador'!C24/('Chavetas(generador)'!C26*'Chavetas(generador)'!C21*C23),4*1000*'Eje de generador'!C24*C24/('Chavetas(generador)'!C21*'Chavetas(generador)'!C22*'Chavetas(generador)'!C20)) -> 30.881663 | D27: mm
B28: Lseleccion | C28: 32 | D28: mm

Sheet Análisis estático a ejes
C4: EJE DE PALAS
C37: EJE DE GENERADOR

Sheet Análisis de fatiga a ejes
C4: EJE DE PALAS | O4: EJE DE GENERADOR
B6: DAÑO | N6: DAÑO
B38: VIDA | N38: VIDA
B70: Factor de carga | N70: Factor de carga

Sheet Análisis Cinemático
N6: Velocidad angular a la salida del eje del generador
N7: 3300 | O7: =3300*PI()/180 -> 57.595865 | P7: =3300/6 -> 550
N10: Error | O10: =('Sist. Planetario'!D14-'Análisis Cinemático'!P7)/'Sist. Planetario'!D14 -> 0.02173913

Sheet Tablas para diseño de ejes
J2: kf y kfs
C3: Acabado superficial | F3: a | H3: b | K3: Tipos de muescas | N3: Kt
A4: Ka | F4: kpsi | G4: Mpa | K4: Canal chavetero | N4: 2
B5: 1 | C5: esmerilado | F5: 1.34 | G5: 1.58 | H5: -0.085 | K5: Canal chavetero con salida en perfil | N5: 1.6
B6: 2 | C6: Maquinado o laminado en frío | F6: 2.7 | G6: 4.51 | H6: -0.265 | K6: Chaflán agudo | N6: 2.5
B7: 3 | C7: laminado en caliente | F7: 14.4 | G7: 57.7 | H7: -0.718 | K7: Chaflán bien redondeado | N7: 1.5
B8: 4 | C8: como sale de la forja | F8: 39.9 | G8: 272 | H8: -0.995 | K8: Para anillos de seguridad | N8: 3
A11: kb
A21: kc
A29: kd | C29: °C | D29: Kd | F29: °F | G29: kd
C30: 20 | D30: 1 | F30: 70 | G30: 1
C31: 50 | D31: 1.01 | F31: 100 | G31: 1.008
C32: 100 | D32: 1.02 | F32: 200 | G32: 1.02
C33: 150 | D33: 1.025 | F33: 300 | G33: 1.024
C34: 200 | D34: 1.02 | F34: 400 | G34: 1.028
C35: 250 | D35: 1 | F35: 500 | G35: 0.995
C36: 300 | D36: 0.975 | F36: 600 | G36: 0.963
C37: 350 | D37: 0.943 | F37: 700 | G37: 0.927
C38: 400 | D38: 0.9 | F38: 800 | G38: 0.872
C39: 450 | D39: 0.843 | F39: 900 | G39: 0.797
C40: 500 | D40: 0.768 | F40: 1000 | G40: 0.698
C41: 550 | D41: 0.672 | F41: 1100 | G41: 0.567
C42: 600 | D42: 0.549
A46: ke | C46: confiablidad | D46: Ke
C47: 50 | D47: 1
C48: 90 | D48: 0.897
C49: 95 | D49: 0.868
C50: 99 | D50: 0.814
C51: 99.9 | D51: 0.753
C52: 99.99 | D52: 0.702
C53: 99.999 | D53: 0.659
C54: 99.9999 | D54: 0.62
